,Extreme Fear,Extreme Greed,Fear,Greed,Neutral,Unknown
Extreme Fear,1.0,1.169343839276252e-273,3.4594378026535045e-46,4.5167806961922965e-07,5.603751759686967e-13,0.09146325942995978
Extreme Greed,1.169343839276252e-273,1.0,2.345811789872378e-182,0.0,1.6677431214928688e-234,0.307289046371678
Fear,3.4594378026535045e-46,2.345811789872378e-182,1.0,9.415733405092579e-30,3.3806807857130846e-13,0.1481660663278688
Greed,4.5167806961922965e-07,0.0,9.415733405092579e-30,1.0,0.06121806013487829,0.11093939686681613
Neutral,5.603751759686967e-13,1.6677431214928688e-234,3.3806807857130846e-13,0.06121806013487829,1.0,0.12047571203931409
Unknown,0.09146325942995978,0.307289046371678,0.1481660663278688,0.11093939686681613,0.12047571203931409,1.0
