classification,Total Volume USD,Avg Volume USD,Trade Count
Extreme Fear,105931393.01,4972.60446932357,21303
Extreme Greed,119703156.39,3006.332882688299,39817
Fear,434811924.67,7060.12510221313,61587
Greed,266570825.46,5322.474751617283,50084
Neutral,161469992.84,4297.043213667936,37577
Unknown,1470.6,735.3,2
